{
    "Gender": 0,
    "Weight": 0.0,
    "SkinColor": {
        "r": 0.7843137383460999,
        "g": 0.6549019813537598,
        "b": 0.545098066329956,
        "a": 1.0
    },
    "HairStyle": "Avatar/Hair/Mohawk/Mohawk",
    "HairColor": {
        "r": 0.6428658962249756,
        "g": 0.0,
        "b": 0.28487804532051089,
        "a": 0.12446612119674683
    },
    "Mouth": "Avatar/Layers/Face/Face_SlightSmile",
    "FacialHair": "Avatar/Layers/Face/FacialHair_Goatee",
    "FacialDetails": "",
    "FacialDetailsIntensity": 0.5,
    "EyeballColor": {
        "r": 1.0,
        "g": 0.6556603908538818,
        "b": 0.6556603908538818,
        "a": 1.0
    },
    "UpperEyeLidRestingPosition": 0.774193525314331,
    "LowerEyeLidRestingPosition": 0.7903226017951965,
    "PupilDilation": 0.975806474685669,
    "EyebrowScale": 1.071290373802185,
    "EyebrowThickness": 1.270967721939087,
    "EyebrowRestingHeight": 0.2838709354400635,
    "EyebrowRestingAngle": 0.0,
    "Top": "",
    "TopColor": {
        "r": 0.1764705926179886,
        "g": 0.21568627655506135,
        "b": 0.40392157435417178,
        "a": 1.0
    },
    "Bottom": "",
    "BottomColor": {
        "r": 0.23529411852359773,
        "g": 0.23529411852359773,
        "b": 0.23529411852359773,
        "a": 1.0
    },
    "Shoes": "",
    "ShoesColor": {
        "r": 0.48235294222831728,
        "g": 0.3294117748737335,
        "b": 0.2235294133424759,
        "a": 1.0
    },
    "Headwear": "",
    "HeadwearColor": {
        "r": 1.0,
        "g": 1.0,
        "b": 1.0,
        "a": 1.0
    },
    "Eyewear": "",
    "EyewearColor": {
        "r": 0.0,
        "g": 0.0,
        "b": 0.0,
        "a": 0.0
    },
    "Tattoos": [
        "Avatar/Layers/Tattoos/Chest/Chest_Sword",
        "Avatar/Layers/Tattoos/Face/Face_ForeheadCross",
        "Avatar/Layers/Tattoos/LeftArm/LeftArm_Web",
        "Avatar/Layers/Tattoos/RightArm/RightArm_Weed"
    ]
}