{"DataType":"TrashData","DataVersion":0,"GameVersion":"0.4.1f13","Items":[{"DataType":"TrashItemData","TrashID":"fertilizer","GUID":"fd4ca0bf-fb6c-4d17-aba7-33e41f6632c2","Position":{"x":-57.25318145751953,"y":-0.20170220732688905,"z":139.99583435058595},"Rotation":{"x":0.7021703720092773,"y":0.7021732330322266,"z":0.08340905606746674,"w":0.083381786942482},"Contents":{"TrashIDs":[],"TrashQuantities":[]}},{"DataType":"TrashItemData","TrashID":"fertilizer","GUID":"567a4904-31ea-43ab-85a3-8b068d02bea6","Position":{"x":-57.61772918701172,"y":-0.20169667899608613,"z":139.8376007080078},"Rotation":{"x":-0.6024162769317627,"y":0.6024127006530762,"z":-0.37026381492614748,"w":0.37026792764663699},"Contents":{"TrashIDs":[],"TrashQuantities":[]}},{"DataType":"TrashItemData","TrashID":"fertilizer","GUID":"cbfd4ae4-0db4-4dee-9e66-aabdf87d9fe9","Position":{"x":-57.71221923828125,"y":-0.20170827209949494,"z":138.72779846191407},"Rotation":{"x":-0.17531029880046845,"y":-0.17531348764896394,"z":0.6850295066833496,"w":0.6850300431251526},"Contents":{"TrashIDs":[],"TrashQuantities":[]}}],"Generators":[]}